<?xml version="1.0" encoding="UTF-8"?>
<!DOCTYPE mapper PUBLIC "-//mybatis.org//DTD Mapper 3.0//EN" "http://mybatis.org/dtd/mybatis-3-mapper.dtd">
<mapper namespace="com.gupaoedu.mapper.ConfigMapper">
  <resultMap id="BaseResultMap" type="com.gupaoedu.entity.Config">
    <id column="config_id" jdbcType="INTEGER" property="configId" />
    <result column="para_name" jdbcType="VARCHAR" property="paraName" />
    <result column="para_value" jdbcType="VARCHAR" property="paraValue" />
    <result column="para_desc" jdbcType="VARCHAR" property="paraDesc" />
  </resultMap>
  <sql id="Base_Column_List">
    config_id, para_name, para_value, para_desc
  </sql>
  <select id="selectByPrimaryKey" parameterType="java.lang.Integer" resultMap="BaseResultMap">
    select 
    <include refid="Base_Column_List" />
    from t_config
    where config_id = #{configId,jdbcType=INTEGER}
  </select>
  <delete id="deleteByPrimaryKey" parameterType="java.lang.Integer">
    delete from t_config
    where config_id = #{configId,jdbcType=INTEGER}
  </delete>
  <insert id="insert" parameterType="com.gupaoedu.entity.Config">
    insert into t_config (config_id, para_name, para_value, 
      para_desc)
    values (#{configId,jdbcType=INTEGER}, #{paraName,jdbcType=VARCHAR}, #{paraValue,jdbcType=VARCHAR}, 
      #{paraDesc,jdbcType=VARCHAR})
  </insert>
  <insert id="insertSelective" parameterType="com.gupaoedu.entity.Config">
    insert into t_config
    <trim prefix="(" suffix=")" suffixOverrides=",">
      <if test="configId != null">
        config_id,
      </if>
      <if test="paraName != null">
        para_name,
      </if>
      <if test="paraValue != null">
        para_value,
      </if>
      <if test="paraDesc != null">
        para_desc,
      </if>
    </trim>
    <trim prefix="values (" suffix=")" suffixOverrides=",">
      <if test="configId != null">
        #{configId,jdbcType=INTEGER},
      </if>
      <if test="paraName != null">
        #{paraName,jdbcType=VARCHAR},
      </if>
      <if test="paraValue != null">
        #{paraValue,jdbcType=VARCHAR},
      </if>
      <if test="paraDesc != null">
        #{paraDesc,jdbcType=VARCHAR},
      </if>
    </trim>
  </insert>
  <update id="updateByPrimaryKeySelective" parameterType="com.gupaoedu.entity.Config">
    update t_config
    <set>
      <if test="paraName != null">
        para_name = #{paraName,jdbcType=VARCHAR},
      </if>
      <if test="paraValue != null">
        para_value = #{paraValue,jdbcType=VARCHAR},
      </if>
      <if test="paraDesc != null">
        para_desc = #{paraDesc,jdbcType=VARCHAR},
      </if>
    </set>
    where config_id = #{configId,jdbcType=INTEGER}
  </update>
  <update id="updateByPrimaryKey" parameterType="com.gupaoedu.entity.Config">
    update t_config
    set para_name = #{paraName,jdbcType=VARCHAR},
      para_value = #{paraValue,jdbcType=VARCHAR},
      para_desc = #{paraDesc,jdbcType=VARCHAR}
    where config_id = #{configId,jdbcType=INTEGER}
  </update>
</mapper>