<?xml version="1.0" encoding="UTF-8"?>
<!DOCTYPE mapper PUBLIC "-//mybatis.org//DTD Mapper 3.0//EN" "http://mybatis.org/dtd/mybatis-3-mapper.dtd">
<mapper namespace="com.gupaoedu.mapper.OrderMapper">
  <resultMap id="BaseResultMap" type="com.gupaoedu.entity.Order">
    <id column="order_id" jdbcType="INTEGER" property="orderId" />
    <result column="user_id" jdbcType="INTEGER" property="userId" />
  </resultMap>
  <sql id="Base_Column_List">
    order_id, user_id
  </sql>
  <select id="selectByPrimaryKey" parameterType="java.lang.Integer" resultMap="BaseResultMap">
    select 
    <include refid="Base_Column_List" />
    from t_order
    where order_id = #{orderId,jdbcType=INTEGER}
  </select>
  <delete id="deleteByPrimaryKey" parameterType="java.lang.Integer">
    delete from t_order
    where order_id = #{orderId,jdbcType=INTEGER}
  </delete>

  <insert id="insert" parameterType="com.gupaoedu.entity.Order">
    insert into t_order (order_id, user_id)
    values (#{orderId,jdbcType=INTEGER}, #{userId,jdbcType=INTEGER})
  </insert>

  <insert id="insertSelective" parameterType="com.gupaoedu.entity.Order">
    insert into t_order
    <trim prefix="(" suffix=")" suffixOverrides=",">
      <if test="orderId != null">
        order_id,
      </if>
      <if test="userId != null">
        user_id,
      </if>
    </trim>
    <trim prefix="values (" suffix=")" suffixOverrides=",">
      <if test="orderId != null">
        #{orderId,jdbcType=INTEGER},
      </if>
      <if test="userId != null">
        #{userId,jdbcType=INTEGER},
      </if>
    </trim>
  </insert>
  <update id="updateByPrimaryKeySelective" parameterType="com.gupaoedu.entity.Order">
    update t_order
    <set>
      <if test="userId != null">
        user_id = #{userId,jdbcType=INTEGER},
      </if>
    </set>
    where order_id = #{orderId,jdbcType=INTEGER}
  </update>
  <update id="updateByPrimaryKey" parameterType="com.gupaoedu.entity.Order">
    update t_order
    set user_id = #{userId,jdbcType=INTEGER}
    where order_id = #{orderId,jdbcType=INTEGER}
  </update>
</mapper>