<?xml version="1.0" encoding="UTF-8"?>
<!DOCTYPE mapper PUBLIC "-//mybatis.org//DTD Mapper 3.0//EN" "http://mybatis.org/dtd/mybatis-3-mapper.dtd">
<mapper namespace="com.gupaoedu.mapper.OrderItemMapper">
  <resultMap id="BaseResultMap" type="com.gupaoedu.entity.OrderItem">
    <id column="item_id" jdbcType="INTEGER" property="itemId" />
    <result column="order_id" jdbcType="INTEGER" property="orderId" />
    <result column="user_id" jdbcType="INTEGER" property="userId" />
  </resultMap>
  <sql id="Base_Column_List">
    item_id, order_id, user_id
  </sql>
  <select id="selectByPrimaryKey" parameterType="java.lang.Integer" resultMap="BaseResultMap">
    select 
    <include refid="Base_Column_List" />
    from t_order_item
    where item_id = #{itemId,jdbcType=INTEGER}
  </select>
  <delete id="deleteByPrimaryKey" parameterType="java.lang.Integer">
    delete from t_order_item
    where item_id = #{itemId,jdbcType=INTEGER}
  </delete>

  <insert id="insert" parameterType="com.gupaoedu.entity.OrderItem">
    insert into t_order_item (item_id, order_id, user_id
      )
    values (#{itemId,jdbcType=INTEGER}, #{orderId,jdbcType=INTEGER}, #{userId,jdbcType=INTEGER}
      )
  </insert>

  <insert id="insertSelective" parameterType="com.gupaoedu.entity.OrderItem">
    insert into t_order_item
    <trim prefix="(" suffix=")" suffixOverrides=",">
      <if test="itemId != null">
        item_id,
      </if>
      <if test="orderId != null">
        order_id,
      </if>
      <if test="userId != null">
        user_id,
      </if>
    </trim>
    <trim prefix="values (" suffix=")" suffixOverrides=",">
      <if test="itemId != null">
        #{itemId,jdbcType=INTEGER},
      </if>
      <if test="orderId != null">
        #{orderId,jdbcType=INTEGER},
      </if>
      <if test="userId != null">
        #{userId,jdbcType=INTEGER},
      </if>
    </trim>
  </insert>
  <update id="updateByPrimaryKeySelective" parameterType="com.gupaoedu.entity.OrderItem">
    update t_order_item
    <set>
      <if test="orderId != null">
        order_id = #{orderId,jdbcType=INTEGER},
      </if>
      <if test="userId != null">
        user_id = #{userId,jdbcType=INTEGER},
      </if>
    </set>
    where item_id = #{itemId,jdbcType=INTEGER}
  </update>
  <update id="updateByPrimaryKey" parameterType="com.gupaoedu.entity.OrderItem">
    update t_order_item
    set order_id = #{orderId,jdbcType=INTEGER},
      user_id = #{userId,jdbcType=INTEGER}
    where item_id = #{itemId,jdbcType=INTEGER}
  </update>
</mapper>