<?xml version="1.0" encoding="UTF-8"?>
<!DOCTYPE mapper PUBLIC "-//mybatis.org//DTD Mapper 3.0//EN" "http://mybatis.org/dtd/mybatis-3-mapper.dtd">
<mapper namespace="com.gupaoedu.mapper.UserInfoMapper">
  <resultMap id="BaseResultMap" type="com.gupaoedu.entity.UserInfo">
    <id column="user_id" jdbcType="BIGINT" property="userId" />
    <result column="user_name" jdbcType="VARCHAR" property="userName" />
    <result column="account" jdbcType="VARCHAR" property="account" />
    <result column="password" jdbcType="VARCHAR" property="password" />
  </resultMap>
  
  <sql id="Base_Column_List">
    user_id, user_name, account, password
  </sql>
  
  <select id="selectByPrimaryKey" parameterType="java.lang.Long" resultMap="BaseResultMap">
    select 
    <include refid="Base_Column_List" />
    from user_info
    where user_id = #{userId,jdbcType=BIGINT}
  </select>

  <select id="selectByRange" resultType="com.gupaoedu.entity.UserInfo">
    select
    <include refid="Base_Column_List" />
    from user_info
    <where>
      user_id between #{firstId,jdbcType=BIGINT} and #{lastId,jdbcType=BIGINT}
    </where>
  </select>

  <insert id="insert" parameterType="com.gupaoedu.entity.UserInfo">
    insert into user_info (user_name, account,
      password)
    values ( #{userName,jdbcType=VARCHAR}, #{account,jdbcType=VARCHAR},
      #{password,jdbcType=VARCHAR})
  </insert>
  
  <insert id="insertSelective" parameterType="com.gupaoedu.entity.UserInfo">
    insert into user_info
    <trim prefix="(" suffix=")" suffixOverrides=",">
      <if test="userId != null">
        user_id,
      </if>
      <if test="userName != null">
        user_name,
      </if>
      <if test="account != null">
        account,
      </if>
      <if test="password != null">
        password,
      </if>
    </trim>
    <trim prefix="values (" suffix=")" suffixOverrides=",">
      <if test="userId != null">
        #{userId,jdbcType=BIGINT},
      </if>
      <if test="userName != null">
        #{userName,jdbcType=VARCHAR},
      </if>
      <if test="account != null">
        #{account,jdbcType=VARCHAR},
      </if>
      <if test="password != null">
        #{password,jdbcType=VARCHAR},
      </if>
    </trim>
  </insert>
  
  <update id="updateByPrimaryKeySelective" parameterType="com.gupaoedu.entity.UserInfo">
    update user_info
    <set>
      <if test="userName != null">
        user_name = #{userName,jdbcType=VARCHAR},
      </if>
      <if test="account != null">
        account = #{account,jdbcType=VARCHAR},
      </if>
      <if test="password != null">
        password = #{password,jdbcType=VARCHAR},
      </if>
    </set>
    where user_id = #{userId,jdbcType=BIGINT}
  </update>
  
  <update id="updateByPrimaryKey" parameterType="com.gupaoedu.entity.UserInfo">
    update user_info
    set user_name = #{userName,jdbcType=VARCHAR},
      account = #{account,jdbcType=VARCHAR},
      password = #{password,jdbcType=VARCHAR}
    where user_id = #{userId,jdbcType=BIGINT}
  </update>

</mapper>