<?xml version="1.0" encoding="UTF-8"?>
<!DOCTYPE mapper PUBLIC "-//mybatis.org//DTD Mapper 3.0//EN" "http://mybatis.org/dtd/mybatis-3-mapper.dtd">
<mapper namespace="com.qingshan.mapper.UserInfoMapper">
  <resultMap id="BaseResultMap" type="com.qingshan.entity.UserInfo">
    <id column="user_id" jdbcType="BIGINT" property="userId" />
    <result column="user_name" jdbcType="VARCHAR" property="userName" />
    <result column="account" jdbcType="VARCHAR" property="account" />
    <result column="password" jdbcType="VARCHAR" property="password" />
  </resultMap>

  <sql id="Base_Column_List">
    user_id, user_name, account, password
  </sql>

  <select id="selectByPrimaryKey" parameterType="java.lang.Long" resultMap="BaseResultMap">
    select 
    <include refid="Base_Column_List" />
    from user_info
    where user_id = #{userId,jdbcType=BIGINT}
  </select>

  <insert id="insert" parameterType="com.qingshan.entity.UserInfo">
    insert into user_info (user_id, user_name, account,
      password)
    values (#{userId,jdbcType=BIGINT}, #{userName,jdbcType=VARCHAR}, #{account,jdbcType=VARCHAR}, 
      #{password,jdbcType=VARCHAR})
  </insert>

  <update id="updateByPrimaryKeySelective" parameterType="com.qingshan.entity.UserInfo">
    update user_info
    <set>
      <if test="userName != null">
        user_name = #{userName,jdbcType=VARCHAR},
      </if>
      <if test="account != null">
        account = #{account,jdbcType=VARCHAR},
      </if>
      <if test="password != null">
        password = #{password,jdbcType=VARCHAR},
      </if>
    </set>
    where user_id = #{userId,jdbcType=BIGINT}
  </update>

  <update id="updateByPrimaryKey" parameterType="com.qingshan.entity.UserInfo">
    update user_info
    set user_name = #{userName,jdbcType=VARCHAR},
      account = #{account,jdbcType=VARCHAR},
      password = #{password,jdbcType=VARCHAR}
    where user_id = #{userId,jdbcType=BIGINT}
  </update>

</mapper>